id,y
4400,2.0711423732181578
4401,5.597951960123275
4402,2.8543078843742897
4403,0.6285468362013769
4404,2.051520967609256
4405,0.3102370437660429
4406,1.917833348419079
4407,9.529606510890064
4408,8.276112098520148
4409,5.43462905733628
4410,9.595534077452408
4411,2.110440562312049
4412,7.79012289852489
4413,9.777985559295695
4414,6.495626250412585
4415,2.3413928028080266
4416,3.325692255210485
4417,8.646086922523622
4418,1.3211791766619174
4419,7.96004086835532
4420,4.815114227386034
4421,4.274802725321044
4422,1.4110167082936698
4423,6.318741598120118
4424,8.596095719100612
4425,6.330690245792266
4426,2.9957741019830806
4427,2.278210865722233
4428,2.9787049300619817
4429,2.2583228747141804
4430,2.2672722940229573
4431,2.2316708290214606
4432,3.1717260965589733
4433,9.120276851571466
4434,7.650214567493555
4435,4.117387228133241
4436,5.025058145604645
4437,3.4218875675327363
4438,8.782043079687112
4439,4.544371153434713
4440,0.9563721698659222
4441,2.693607492605584
4442,1.106003511464192
4443,7.060527529071349
4444,7.644179051970541
4445,9.589579155329135
4446,0.5636114020942395
4447,3.1316997977285945
4448,4.595806519879848
4449,8.144556129115355
4450,3.745036223187841
4451,2.8301169390732084
4452,4.698228516256747
4453,9.804209308826536
4454,4.6717774037137305
4455,3.6657760645821833
4456,0.034472268229427394
4457,6.697963312230581
4458,4.005098597018248
4459,4.608335664336866
4460,4.573991154177329
4461,1.2091642112128265
4462,6.011824509176652
4463,8.874879774018972
4464,6.440511402630084
4465,6.918943809374908
4466,9.906534194532716
4467,0.5193341163180154
4468,3.527733563347817
4469,4.972035254588281
4470,3.011310497431735
4471,9.24533641767656
4472,3.7157422098443837
4473,4.770342238585142
4474,1.641696017263432
4475,2.6885227525540154
4476,8.617497609884925
4477,2.7573470278672385
4478,9.20116987296183
4479,1.1791552420104734
4480,6.6533931503568375
4481,0.795333554658606
4482,3.1994491425702707
4483,1.4969801834396679
4484,7.757806165122629
4485,9.176471164468014
4486,4.478510313361085
4487,5.797241408299902
4488,1.365945294610308
4489,1.0305426838198228
4490,8.9285334716653
4491,7.532138075221554
4492,4.019228136163805
4493,3.684402266204482
4494,0.8380857067618552
4495,1.0086270943847242
4496,9.00391503652419
4497,9.713768277011068
4498,6.96998046462261
4499,3.7728475064504527
4500,1.5943134998073105
4501,8.924753489851454
4502,7.7274557218854065
4503,6.657006753328414
4504,9.747472979216235
4505,5.1099525003060675
4506,8.155717120110742
4507,9.291439617401542
4508,5.017707408034121
4509,4.375308434954599
4510,5.714685417972851
4511,7.592224294223314
4512,5.679478340317809
4513,4.164712359053708
4514,8.259537853593091
4515,3.214833804208108
4516,7.850267406061908
4517,3.8317224815413056
4518,9.3389683344165
4519,3.3442416871054514
4520,7.297407323596518
4521,3.9123505128476155
4522,4.414617564743628
4523,4.927166820699707
4524,3.444134341788625
4525,9.209965433575915
4526,4.271184831106068
4527,5.539014198056165
4528,2.640134529958872
4529,9.92932034138111
4530,0.6851290351639427
4531,5.039947401886994
4532,8.96025987364246
4533,2.3604277055494927
4534,4.422142406352059
4535,1.0950176847922644
4536,8.532070274142974
4537,8.221921312452231
4538,9.995007205474602
4539,4.712339493675666
4540,7.6760062109863
4541,1.5321534416944016
4542,3.9631059480859365
4543,2.3301374002760564
4544,7.615127253988266
4545,6.497227007269481
4546,4.673314478678274
4547,1.4330966104783516
4548,8.437723621770854
4549,3.457344655089214
4550,1.0768666168244723
4551,2.5002076322731193
4552,2.8777080573447855
4553,6.619309607010598
4554,7.788390568774669
4555,8.708184657614861
4556,2.9172517979078414
4557,9.355631376027336
4558,1.877394622673365
4559,7.072505321190761
4560,0.7878374364233331
4561,0.14260114366456467
4562,4.726946807630611
4563,3.3967748747965585
4564,1.9798991644404051
4565,1.561576199971666
4566,7.240169647941531
4567,6.830963060014357
4568,0.029787819412795402
4569,5.277736205572755
4570,2.6270294866981136
4571,9.44247380022073
4572,4.376449471927747
4573,4.560667935777398
4574,8.57340969457743
4575,0.2606942616382457
4576,7.452067514652158
4577,3.6848849103441883
4578,8.47968014237531
4579,9.51290432407152
4580,5.838887876772586
4581,5.625888894361469
4582,5.477800095235246
4583,9.027984974135556
4584,6.70515729686975
4585,2.904062867360473
4586,6.861846886665678
4587,1.7255632467263693
4588,8.54378261470373
4589,7.967801065067137
4590,2.670748284547887
4591,2.257480939030984
4592,3.930465929644271
4593,6.891831935818096
4594,9.05502680857214
4595,3.3503399385443764
4596,2.573110864415442
4597,3.122731793794963
4598,3.5911510657523693
4599,4.509779302872698
4600,0.502687303374223
4601,4.850952931120236
4602,2.545709302185127
4603,0.49519457959261937
4604,2.716877638683904
4605,4.311364700473704
4606,4.038450923663772
4607,1.6374410158499575
4608,6.148377484259646
4609,6.513083816287085
4610,0.38177004693161654
4611,7.812094430963521
4612,7.764118260677167
4613,8.053836700220089
4614,9.212095902143124
4615,5.8999929432157625
4616,4.203477957509865
4617,6.3365180733822415
4618,8.269645445821714
4619,9.630341259159028
4620,8.91298952100049
4621,5.159404440892893
4622,7.903507691186849
4623,2.4957168488050074
4624,1.910582983647855
4625,6.971689143428106
4626,9.90997833055854
4627,1.0909574596876725
4628,4.112733279422384
4629,8.291588112116342
4630,4.784537334363668
4631,4.847900308069112
4632,8.7225014619113
4633,7.914803079851533
4634,1.9260032470877475
4635,1.207343377340645
4636,8.627407659497692
4637,6.207989696911057
4638,7.345682530679624
4639,9.994357280025651
4640,2.4743912475060204
4641,8.932503463000016
4642,4.133493837211227
4643,3.4386849064530276
4644,4.580106915616647
4645,1.7829816125099407
4646,5.2208968473106365
4647,5.510380082625125
4648,8.377852046148176
4649,0.6731109971001803
4650,1.3740838005295097
4651,5.203032167382618
4652,3.0573229212424504
4653,9.951543299549758
4654,4.990082724016602
4655,4.725757705283208
4656,0.6894622768263137
4657,1.1600836241949974
4658,9.050955611370851
4659,6.8091045025468935
4660,7.302343946169554
4661,6.784733918959068
4662,6.641346375980945
4663,2.6611513934131747
4664,5.506130550597389
4665,2.128211479995261
4666,4.556340229453784
4667,6.866429661315437
4668,6.197952706264099
4669,2.6338213442926883
4670,1.5080161491593203
4671,9.891726503117837
4672,4.9954141370809735
4673,0.5521051552397516
4674,7.5129647280316645
4675,9.13860338810283
4676,1.7874126803414603
4677,1.2913255106051935
4678,9.059598466490522
4679,6.154273840281823
4680,4.1298884959841295
4681,5.094134339873798
4682,3.643313764728331
4683,3.028028472615496
4684,1.6296030610188572
4685,7.009914772486018
4686,0.44150405448024177
4687,0.03161413756290199
4688,4.811951443537134
4689,0.6319714642786878
4690,4.971415565640208
4691,7.605798428147853
4692,8.440185379308687
4693,1.854538190444428
4694,1.0435143849114648
4695,0.18566725784302074
4696,1.700724469018009
4697,9.267205608241163
4698,7.197576911482784
4699,1.695149602789271
4700,5.974413117344831
4701,9.240104719979367
4702,8.350373727177024
4703,1.6082427626326568
4704,9.664409820696836
4705,6.21626805712618
4706,3.814310634974174
4707,6.763980399249462
4708,5.987903162233885
4709,7.955644332007913
4710,1.1906310578483836
4711,8.310120573339502
4712,3.822964635167403
4713,1.6369216150155297
4714,1.178729688505643
4715,0.9110188448848866
4716,2.4081630255990283
4717,2.742624529709162
4718,4.131167639419239
4719,4.326283288075273
4720,9.18537615263842
4721,8.508853915992429
4722,8.604932829129439
4723,8.73510660889074
4724,3.7771337278734207
4725,7.939376180936007
4726,8.621574991412533
4727,9.711191782111209
4728,6.0193563398136085
4729,0.00034750382960635484
4730,6.73402328464304
4731,1.5779378499106356
4732,9.23414591425913
4733,5.918707177015371
4734,2.237460588256374
4735,3.622305416319256
4736,2.4911169062593554
4737,7.849608291877789
4738,1.7703618498057938
4739,6.876276055262941
4740,8.269665077905584
4741,6.976646317616756
4742,9.596235217121025
4743,9.906690044797035
4744,9.666588159028459
4745,4.962357141267962
4746,3.562444953363322
4747,2.9529880996148505
4748,9.887964731119435
4749,6.193167699926827
4750,8.976441565545624
4751,9.20771517443617
4752,3.543090845492407
4753,4.163983040713189
4754,2.757101018914765
4755,8.254633299837772
4756,4.310575686439067
4757,2.8790713093505618
4758,1.9062590924589018
4759,7.519417541703746
4760,1.827186258210154
4761,6.089052467552786
4762,5.671163615485413
4763,1.8513669478178618
4764,7.360670952664762
4765,2.649206786046401
4766,9.171789169083128
4767,6.73150851670105
4768,5.196306019419384
4769,3.715960323071518
4770,4.857575603243055
4771,7.160568587382486
4772,1.1343311332558315
4773,3.7777669820792292
4774,8.11801370323331
4775,9.469542828595696
4776,5.763067216850493
4777,5.182201264893633
4778,9.885838045921915
4779,7.327067447861144
4780,3.9618603392092853
4781,3.8113960710083505
4782,0.8825825894354855
4783,1.7287438510757047
4784,1.3232056937475478
4785,1.418512269803227
4786,6.250897400629132
4787,3.753832135506533
4788,9.840839331812951
4789,6.217531689712704
4790,3.0943443689753702
4791,6.99800965568401
4792,2.5874947204182073
4793,9.149447575206741
4794,4.912088199627684
4795,6.068272936374458
4796,9.787669000893787
4797,7.700412029536874
4798,0.8349337838998072
4799,3.324113335065517
4800,5.047948906164099
4801,4.5877725041389725
4802,9.3599597184961
4803,7.323902003682205
4804,6.560305421214413
4805,9.653079156186363
4806,1.8299063223950496
4807,6.150008589532515
4808,3.306794528956795
4809,4.365109617046103
4810,9.0018291637375
4811,0.47599501184211745
4812,6.098029576143087
4813,0.8947060126665651
4814,1.4248829242835837
4815,9.694066742997592
4816,5.236028308131483
4817,9.035250287413518
4818,0.36157433975003483
4819,9.117866028055289
4820,5.882884114310007
4821,8.590546571982763
4822,2.2908746885684295
4823,1.354176153201072
4824,3.4721706540636053
4825,8.68852714854415
4826,0.9012597452417137
4827,2.9532014027543863
4828,5.735474003063353
4829,5.5418818653793736
4830,1.3531603845874007
4831,8.55945893204803
4832,8.430741576970844
4833,2.1087943232410433
4834,2.0661979256004805
4835,8.056844473900465
4836,0.9264482210667535
4837,7.331820412059871
4838,6.047325588568149
4839,0.015814589691582892
4840,1.889647781809981
4841,9.762588918146264
4842,5.231543370335484
4843,1.6982550368434601
4844,9.620068221916174
4845,5.227394290908619
4846,5.1212066004197005
4847,3.7016363180252734
4848,9.688849610398249
4849,8.46746769940143
4850,3.6176320455682154
4851,3.266724447695087
4852,9.392433539212217
4853,8.386278493334382
4854,7.248320942367257
4855,2.9385822953595095
4856,5.782276898038506
4857,9.531861608535134
4858,8.56194957675677
4859,5.444070210993184
4860,1.3003090696032749
4861,0.8684881445624915
4862,3.444006861035299
4863,2.7791858109305823
4864,4.409398664919779
4865,5.496553004078573
4866,1.4898468820760902
4867,4.563415552846118
4868,4.521646029321007
4869,5.4085813680427375
4870,9.617021846581958
4871,8.321429701141758
4872,9.832162277951118
4873,6.303454956460931
4874,4.6441266874407905
4875,7.823646196324415
4876,9.41976446942998
4877,8.207649503185676
4878,9.803142962563161
4879,6.382227783357084
4880,8.418384443478786
4881,5.533395639863761
4882,8.383183301748431
4883,7.081462152969581
4884,4.189476199840323
4885,1.3336239623485058
4886,9.392576256005391
4887,8.580026439327101
4888,4.227322305501993
4889,1.1769830776415202
4890,1.6644887350155801
4891,5.214663295573317
4892,4.8025141472784565
4893,2.1659360128444827
4894,6.1306120531034
4895,5.204692606819266
4896,7.568450409416777
4897,6.466991638500903
4898,4.677412766499753
4899,5.933920591757543
4900,3.638329687102557
4901,3.1966700899910028
4902,5.412895066916041
4903,9.77505591892436
4904,9.676898608695877
4905,9.551554980048996
4906,0.48649831458152604
4907,0.19013374887898116
4908,6.603582143274248
4909,9.080041426651341
4910,8.248386353283331
4911,3.5585022769100547
4912,5.976756910672648
4913,7.071876264770177
4914,4.845318788944143
4915,3.002317939978363
4916,1.6299686934170543
4917,2.4846871637249857
4918,0.9494272395806813
4919,6.100767117335767
4920,4.331685689643746
4921,8.314811331382808
4922,4.192450963389163
4923,0.7252986303927667
4924,8.119763820231544
4925,0.40343776301618894
4926,3.545506826089382
4927,1.6950462257378263
4928,6.772649741560364
4929,2.5214565736428063
4930,5.711415022964152
4931,4.362754057618442
4932,9.754849410337815
4933,4.692629309467628
4934,3.5501302929557124
4935,8.54159429970881
4936,3.4776779396008406
4937,3.020245612443092
4938,1.5151379856795955
4939,9.754641251270769
4940,2.3796465989610907
4941,5.457353165001627
4942,9.283599724230056
4943,2.9132491623328027
4944,0.05076302176515113
4945,9.670961003918249
4946,5.198635218809332
4947,2.0689575634535498
4948,3.8476174393776077
4949,2.5637110071258062
4950,0.42229562866476056
4951,1.7385149697622793
4952,3.417321694865787
4953,9.242927361719838
4954,0.21379251178277547
4955,6.76895437770577
4956,2.6602677496403326
4957,3.2213272368667067
4958,7.27671749883576
4959,3.0353153253463185
4960,8.083467992833764
4961,7.125654464874379
4962,1.0167875461762776
4963,0.957896827572764
4964,5.6730279498627425
4965,7.30366879986514
4966,7.860211845069696
4967,6.810768500266898
4968,0.5885766473797682
4969,9.385713503751935
4970,6.406175422286838
4971,7.184647133639208
4972,9.948344487272669
4973,4.95451420023059
4974,8.296351156807804
4975,9.555442538659658
4976,5.352237621675288
4977,9.172174168758
4978,3.0835303491162813
4979,7.87728597837443
4980,5.122346150660109
4981,0.39901978491372336
4982,0.02130831976232761
4983,4.29064286664545
4984,9.557641808425851
4985,6.510002912965329
4986,6.962729777915186
4987,5.248091567047945
4988,3.6003099801749636
4989,2.643699367868763
4990,1.6210284607810532
4991,2.884839078205194
4992,0.3719723842387346
4993,1.6466699965641307
4994,2.2285697232305726
4995,8.500098182309838
4996,4.266602604700868
4997,1.043261131470199
4998,2.2969944448106396
4999,3.575775029977174
5000,3.9440418115065223
5001,1.2638365753245728
5002,9.236952382009346
5003,1.530924916055294
5004,0.6610717996833948
5005,4.918260750078312
5006,2.5397389518967173
5007,2.811085731196139
5008,8.17345877869541
5009,3.1916063813597786
5010,3.45797048430681
5011,8.982890138831221
5012,6.548750865421752
5013,3.109990094996109
5014,5.302292419012505
5015,4.126769938732751
5016,0.7043305397925226
5017,6.258920246584372
5018,0.9307675179384567
5019,4.5221972441715375
5020,4.087990390244437
5021,6.121721319990837
5022,9.831801967521995
5023,2.8025235816509886
5024,0.8415878924200093
5025,9.504816715304367
5026,0.043372216430230814
5027,7.820931961628851
5028,6.11477874776564
5029,0.656775227348878
5030,3.850148191268563
5031,3.6836135886109633
5032,5.702244690455732
5033,3.5424015373322106
5034,2.2709198458710436
5035,0.006978778187957113
5036,4.318158600514091
5037,4.414586495233882
5038,4.419979831245168
5039,3.519344912492486
5040,2.419699792213775
5041,8.932760279132818
5042,3.467675932886345
5043,0.7207437598772004
5044,4.4659492116844435
5045,2.2545691858199204
5046,6.003522666489229
5047,7.689288141083052
5048,1.9485628775158048
5049,0.9432588372122597
5050,4.2405898449620585
5051,2.897588175355703
5052,2.5509662702179403
5053,8.454894675763235
5054,8.696360509214262
5055,5.434967795857133
5056,5.949095814228132
5057,8.72908726229632
5058,3.2257245861460335
5059,4.328273904227053
5060,4.681823654081007
5061,1.957241081613278
5062,3.562640639305865
5063,0.4648059018581119
5064,1.2246129871291056
5065,1.1889515538754358
5066,8.442531028490212
5067,9.190125464581287
5068,8.744897569358931
5069,0.4713704541324981
5070,7.937346592307968
5071,0.36714903879433547
5072,1.1544234817419274
5073,6.617098447944658
5074,2.413905764154447
5075,4.778016504104188
5076,9.706924226015923
5077,3.663056847510804
5078,2.8203585531862805
5079,0.552874751435205
5080,7.977329323085906
5081,2.414713635634951
5082,2.2080780843039305
5083,8.874587592042298
5084,7.249341350481159
5085,6.39123001443314
5086,7.841890629225775
5087,1.293491993694058
5088,8.887023272005772
5089,4.93975685914378
5090,3.41049665505699
5091,7.052664865548952
5092,6.041490766031318
5093,2.7052588553967105
5094,9.000961452249022
5095,4.270823134559681
5096,6.856729056984635
5097,5.078367406290944
5098,1.7907753974951357
5099,0.13886410944184413
5100,4.016726048980367
5101,5.829006175347492
5102,0.14020122410100755
5103,8.437566289863236
5104,0.4799036827711156
5105,3.1698811604664368
5106,4.402809827744375
5107,0.4049566362702206
5108,2.055990736892311
5109,3.480473941013914
5110,6.756204781194403
5111,3.515529030095792
5112,2.8160444545914434
5113,7.673033824662994
5114,9.243384676596536
5115,2.1364837798649914
5116,9.593322882940102
5117,0.6546677032515591
5118,7.150893976260543
5119,2.7523048236545
5120,4.38142870878408
5121,1.3414197457285182
5122,6.334841228290115
5123,8.173103742508639
5124,9.943429249233006
5125,5.9061762028178375
5126,3.664229263031007
5127,5.693933932067738
5128,8.333956267967043
5129,0.4136350322419302
5130,2.6121403424689795
5131,7.752011989523602
5132,7.6065908245568234
5133,2.9914288199986663
5134,6.207297183438848
5135,4.437219926682405
5136,6.080602762622115
5137,8.538314356060408
5138,1.1946447425890083
5139,0.809522990868865
5140,4.403516988079945
5141,2.4991818028250625
5142,1.3635326648864121
5143,6.588947216119543
5144,5.577422291918154
5145,7.331983477325771
5146,0.6081703110753334
5147,5.426262072860473
5148,4.005400484959147
5149,4.21543638367634
5150,7.446819830887952
5151,5.713946389883022
5152,7.099251316671231
5153,8.217652252732455
5154,7.11227045817261
5155,5.177805829314812
5156,0.17560090727238964
5157,1.2198278003961138
5158,9.544264799836617
5159,6.726955923384247
5160,8.860205208393346
5161,5.4918714560409745
5162,1.3683631450782308
5163,9.688447170646912
5164,1.7482678493763448
5165,4.588536699094816
5166,5.096612820313064
5167,0.7996451049908415
5168,1.8460397697194997
5169,9.15900640697752
5170,9.738046251714959
5171,2.3809049263036988
5172,7.030147515772704
5173,5.136278105860254
5174,0.06726947556848217
5175,0.5340508380422382
5176,9.269392259178503
5177,8.139460562039458
5178,2.491377265413177
5179,4.249101917649888
5180,8.362415706672074
5181,7.701684910544271
5182,3.44515170109411
5183,4.238328878277958
5184,3.3195858306854023
5185,6.543314773084996
5186,7.003288517016113
5187,8.830149777729131
5188,4.611879560094581
5189,7.904307004061204
5190,7.963680709068789
5191,6.856588445924753
5192,6.2051867167652155
5193,0.5406021389909299
5194,2.3266060027437807
5195,5.591913917274754
5196,1.4482017916871892
5197,6.88776535379956
5198,0.1816435411765338
5199,0.7047900439504518
5200,7.046255319231362
5201,1.9891055551250514
5202,7.0524948290102945
5203,2.5954257720942975
5204,4.53595014472168
5205,1.003643303388455
5206,6.711570182762515
5207,3.082940392940748
5208,0.39796603352935445
5209,3.8017328658579674
5210,4.356322361817956
5211,8.72026254156326
5212,4.368396230016531
5213,3.8657881140194728
5214,3.006780587733161
5215,1.8858112359073476
5216,3.264562734217056
5217,6.710497923437013
5218,2.6338518808302194
5219,7.291622264662877
5220,7.1874517730488074
5221,1.9897501701055276
5222,1.0061403614869957
5223,4.415820113401959
5224,8.658355819009628
5225,6.903132071738408
5226,3.127628768727495
5227,8.053489509432982
5228,3.9712707846528184
5229,2.5484313482925147
5230,4.5661998951540355
5231,9.52752537855456
5232,7.076749085198304
5233,7.004007552066317
5234,6.782929540687782
5235,0.9932053421006348
5236,1.6227916109364449
5237,0.8565330820805983
5238,7.527929287867088
5239,9.204418579180514
5240,8.852286323231356
5241,5.843958417673953
5242,1.1902117810317292
5243,7.104129040288737
5244,1.3957494151407124
5245,2.6995743389801596
5246,6.7443307012229
5247,7.260540611499845
5248,0.7654240626656561
5249,8.066890139374175
5250,6.970687110536582
5251,2.025516280837313
5252,9.452433025582605
5253,1.8288188813161121
5254,4.167165440829928
5255,7.497199882751988
5256,5.0970247870655285
5257,8.388740611728043
5258,8.831145245486876
5259,8.604140474804506
5260,8.402704705587102
5261,7.090254421091489
5262,5.508924358231145
5263,5.408487461636389
5264,2.1809602870478653
5265,3.280347475454591
5266,1.4423864212837123
5267,0.13026070144565804
5268,0.878713798672266
5269,4.917784267182242
5270,8.1674135382424
5271,6.021603678109278
5272,7.011792557324429
5273,0.25147048328090893
5274,8.249809988090265
5275,0.18792679206087515
5276,3.0416730884273226
5277,3.7381212503222807
5278,4.861384917871989
5279,3.3944821667562186
5280,4.034869239504324
5281,0.6850997997573394
5282,5.8117027251922995
5283,2.080982650989467
5284,2.2715534149934657
5285,6.427919432398227
5286,6.216908443986872
5287,5.571955121292956
5288,6.629615609775296
5289,4.914248478327177
5290,6.4705574269595525
5291,6.890681619758741
5292,9.04102893385297
5293,2.568809442744243
5294,8.011310771137353
5295,4.539164392273001
5296,2.4458565045560476
5297,3.1503653872340553
5298,4.901675917429649
5299,2.2006375636843423
5300,6.112885840668605
5301,3.3350308267270767
5302,8.011203403307869
5303,6.680126556569536
5304,7.369496866078605
5305,8.243460520865845
5306,1.671837390830574
5307,4.79087054495796
5308,3.8465527725020197
5309,4.077606566625777
5310,5.938565773236755
5311,3.3876903869964425
5312,0.7107274888255422
5313,0.23582564680880602
5314,6.836928640741099
5315,4.2318545102078104
5316,5.018217183553389
5317,3.380572952941936
5318,0.5739706612984086
5319,2.6035820164214796
5320,6.598773210413079
5321,0.21962671150892454
5322,2.8489810844094263
5323,2.309621344823846
5324,1.5360412017129443
5325,1.9045388663227436
5326,1.211880628605102
5327,9.547774202668329
5328,5.663050768703943
5329,9.96542841525396
5330,2.377858967985551
5331,4.713261317192332
5332,3.975515883843672
5333,2.487333266944576
5334,9.325791753798082
5335,9.108324208152549
5336,0.38621354257208584
5337,8.89680780167589
5338,4.678469932102
5339,7.122052847240137
5340,3.144920867819966
5341,3.981095492612093
5342,9.424615310725407
5343,6.043865381236101
5344,0.7724172529552575
5345,3.579546650553432
5346,4.141481988385037
5347,7.24261714392143
5348,5.504920570223265
5349,2.511930188436345
5350,3.5002738176086625
5351,0.8629111745082296
5352,6.1347105825525485
5353,7.923405445034638
5354,8.278939041053778
5355,0.27434492074078776
5356,1.266358827526628
5357,7.346312763825306
5358,2.998073605744944
5359,3.1183304208566986
5360,5.7924358512775385
5361,1.6893174260643151
5362,9.380591568576694
5363,5.741163691856648
5364,2.8288772182193576
5365,6.100368986288165
5366,1.8600855102577796
5367,7.023272517719663
5368,1.4778818867804056
5369,3.8349032598291477
5370,6.621228324683129
5371,8.19080425800639
5372,3.1079838807577254
5373,4.022464881555125
5374,9.22674534307648
5375,2.9576916714113444
5376,9.178528957328204
5377,9.48608492509009
5378,7.6535798624608855
5379,5.549512701743718
5380,4.628836578712571
5381,3.3802300939486365
5382,5.8105901496803956
5383,6.39844125891865
5384,3.9368072017666735
5385,5.271936450075932
5386,9.504974624928805
5387,5.884096720634084
5388,0.41966807719108545
5389,1.0173732682266134
5390,2.1256240461588085
5391,2.451182264739258
5392,1.3310650236252908
5393,2.9617517521483663
5394,1.6601171331949982
5395,4.199804313376536
5396,8.727348103912028
5397,4.991943841927383
5398,3.8620880190331475
5399,6.444693524343757
5400,6.936694533671625
5401,1.5296551349621867
5402,5.27587582351802
5403,7.500598283032511
5404,8.854027948403338
5405,6.7795608491744055
5406,2.8312973785044813
5407,8.499812516666438
5408,5.062265488985655
5409,7.58737912556545
5410,4.705395167508772
5411,7.745769532330101
5412,5.752679222876633
5413,3.696094733679777
5414,5.036856566708595
5415,5.459802813812682
5416,7.818277141143632
5417,3.8618495828972756
5418,0.29059838467149435
5419,9.03644672566747
5420,5.783164437901073
5421,9.322304743327303
5422,9.189583626978923
5423,6.847769516960255
5424,3.8638847484558534
5425,4.007598026344028
5426,2.246339747930689
5427,3.1106737082109492
5428,3.7731304817603384
5429,9.113450629410417
5430,0.8333236339707584
5431,7.848700790513984
5432,8.974582292446946
5433,3.2991808007216306
5434,1.5873383417751596
5435,5.965865226544374
5436,0.8627905621644361
5437,9.324823301717322
5438,0.3918336687353041
5439,6.455097987401269
5440,6.505839248829661
5441,6.131016731614858
5442,3.7074863211691076
5443,9.971701406603396
5444,8.196125598375382
5445,1.9821882337788843
5446,4.070886081371552
5447,8.545443064894865
5448,6.567648696546815
5449,7.945289113731223
5450,3.5919195521570515
5451,3.4724428973492447
5452,6.686410205415658
5453,2.5261645190906523
5454,7.2190223420302155
5455,4.527774142260218
5456,1.2058256427302827
5457,1.5573965445325044
5458,7.051739372142615
5459,0.6146230832202426
5460,3.6137373941358906
5461,3.4425413244059677
5462,1.2269158501905986
5463,0.7297235150160697
5464,3.37276146468236
5465,4.7626423743973785
5466,3.461776366216125
5467,9.368518729582489
5468,6.282724219533824
5469,3.4902539895900695
5470,2.1754669787059844
5471,1.9926261009748403
5472,3.9197759486630925
5473,6.395272024188468
5474,1.0336147660207673
5475,2.0183676390987304
5476,2.4140639724679405
5477,4.405176927970556
5478,9.888231985201035
5479,3.8518335681011173
5480,6.169118624799848
5481,3.4725634045058063
5482,1.2973105630201165
5483,8.523404779087603
5484,6.785967183859354
5485,5.3824223772022854
5486,6.070124135276371
5487,2.7404484360291703
5488,9.494043772385517
5489,7.874059104997491
5490,7.722276834346234
5491,7.085125528941023
5492,6.419451477113967
5493,2.841958552645718
5494,7.417234057633554
5495,2.3923377793441314
5496,9.645356351910076
5497,6.028838836274235
5498,7.482604507622521
5499,5.4068650045667885
5500,0.017159386385352526
5501,2.7750767684069477
5502,3.2215829954671693
5503,9.416350945866355
5504,2.808621011914443
5505,2.3041656837619673
5506,2.355699534117454
5507,2.9494066274672894
5508,9.631868398492735
5509,2.345880638237643
5510,8.446363352862727
5511,8.311444892859994
5512,4.863164796711952
5513,8.621505065155311
5514,4.563181446245206
5515,6.778859236027754
5516,5.6893691131977935
5517,8.646621789989215
5518,3.3597807916162226
5519,6.7585213943268085
5520,1.852103073072553
5521,2.034588795017437
5522,9.274532030167084
5523,1.4964181928818077
5524,1.8161076386252861
5525,7.219773017307281
5526,2.644260896070305
5527,7.641306719510129
5528,5.755401545721722
5529,8.4896771920175
5530,5.652759615597889
5531,7.012553395417606
5532,2.073640833095202
5533,8.972780572013534
5534,7.202421632528408
5535,1.0900570879820815
5536,3.276386062026213
5537,9.14976921186822
5538,2.260878887430632
5539,3.0301686925508333
5540,6.350403040312883
5541,9.62836030257844
5542,5.965064134500759
5543,0.766836349471165
5544,5.42280503944693
5545,2.7275666018257674
5546,5.360551885993096
5547,7.354012510653051
5548,9.361844804168651
5549,8.116497485962572
5550,7.362826983649395
5551,8.849406450102165
5552,7.424407826619696
5553,0.8491761434865774
5554,8.555665361430574
5555,1.2394554911431666
5556,1.7404900434269777
5557,4.929669354017859
5558,6.3570988327531115
5559,7.264955148149216
5560,9.746323485553551
5561,1.8089372445468677
5562,1.2240548278795937
5563,6.881585060723498
5564,3.1142329870807526
5565,7.724426705942075
5566,3.1110987399221077
5567,3.2040332407056002
5568,6.537529882880401
5569,7.515001705843513
5570,6.947115287178996
5571,4.593957612117409
5572,1.0807830755606085
5573,4.288557265465899
5574,8.995208883972504
5575,2.3294574131904078
5576,6.884590483617989
5577,6.000064592006639
5578,7.820517504744798
5579,4.268237732879163
5580,2.2243872103793705
5581,0.3901352479879927
5582,9.61971598411321
5583,3.1552929342961997
5584,3.323182018238221
5585,7.000574503067265
5586,1.7611272789000565
5587,7.520245476702821
5588,7.514528672751451
5589,0.0065849558002384345
5590,7.292873394186977
5591,8.230390201001622
5592,5.340942375063764
5593,0.3281360903101749
5594,1.5033510641000714
5595,5.512393825406092
5596,6.435388311782429
5597,9.665761185498162
5598,4.787043560062418
5599,3.940501848930371
5600,6.683041500478194
5601,7.002896044565091
5602,4.4340706756594
5603,1.2705542005457848
5604,3.570466267964064
5605,4.511759924272555
5606,3.5600190778260354
5607,7.4555307684368675
5608,3.329819895064202
5609,4.880033544983375
5610,6.615697650744442
5611,4.1689876291639205
5612,8.61476990768469
5613,1.1569762293994457
5614,1.9555554757720384
5615,5.36596061108972
5616,5.665159887166239
5617,9.995280605287768
5618,7.472978787899328
5619,9.202965624440347
5620,0.4474187646898531
5621,0.600909763885481
5622,6.870137866458233
5623,2.362175002305248
5624,2.065628572354309
5625,2.0774563848458847
5626,4.399573898998334
5627,3.402824263577532
5628,5.6774299680560025
5629,9.789500852447778
5630,5.326594021385883
5631,8.966127737010813
5632,0.7544835171635378
5633,7.9779492325325005
5634,8.629539343315123
5635,7.6390441228397465
5636,5.716061300022933
5637,6.0826354363988235
5638,8.837010827451863
5639,7.390539913525239
5640,5.378394872910649
5641,6.060779851762548
5642,3.115134930308715
5643,0.1584619188466596
5644,4.046746037180004
5645,0.03915371033196946
5646,5.7318036477695795
5647,3.193774669903733
5648,6.425836236545669
5649,8.82767628262044
5650,3.5165693540653042
5651,6.701699038659402
5652,2.4365837133225066
5653,4.27995089973791
5654,7.65492418337929
5655,8.318816331519761
5656,6.423372986923832
5657,6.794557583766261
5658,2.2037059168152084
5659,4.567715846798115
5660,1.3876803262994353
5661,8.90354899226119
5662,4.081309655473111
5663,8.180682453132379
5664,8.197071334993792
5665,3.6283991408163296
5666,7.9765566828078605
5667,3.008355992166881
5668,2.7226972427691276
5669,7.792915658370907
5670,7.630690863916931
5671,6.313815906149883
5672,7.207974027120477
5673,2.360644590924542
5674,7.912186965852945
5675,1.3216564082979554
5676,5.382509982682663
5677,6.156904434677147
5678,7.940188317955022
5679,2.4090991398621684
5680,0.6566039527765055
5681,8.087469140249858
5682,8.053158402015452
5683,6.147872766769477
5684,4.134175633493578
5685,2.366027728732848
5686,6.924224442442558
5687,1.2916743730839642
5688,0.1510075292039259
5689,4.604267448696222
5690,8.097328255892497
5691,6.661939698194194
5692,6.577499778457103
5693,3.6422511050295436
5694,2.371020956650497
5695,1.1626271666155674
5696,7.19320897085562
5697,8.89350068864192
5698,4.928987379618452
5699,3.126743274693067
5700,7.509540681202961
5701,0.20168844240053163
5702,5.5795267168684255
5703,5.193783286796593
5704,1.2028206754682602
5705,9.129825391375645
5706,2.6967832997315466
5707,9.479710785609715
5708,0.8942354403088204
5709,5.637973519210778
5710,8.929963561332276
5711,5.436811355323892
5712,2.169044775714861
5713,1.0110485456203078
5714,6.705919912712401
5715,4.978555034976338
5716,8.330877655922862
5717,4.282172304633725
5718,4.367139240211194
5719,1.3673012616858982
5720,0.9935311949477643
5721,9.149068738872183
5722,0.6259147712035429
5723,2.872084972244666
5724,7.524549012020483
5725,7.212987830600551
5726,2.885753152380286
5727,3.04240483891026
5728,8.046587466333374
5729,7.175225133204566
5730,6.456800232065581
5731,8.133992488172504
5732,7.439155827610571
5733,4.551935347976266
5734,9.140740793288435
5735,0.5730232909479216
5736,0.3485600436900371
5737,7.368595585833598
5738,9.165386770777639
5739,1.3705964886993827
5740,6.31511408478042
5741,0.7445245726420813
5742,8.081562159730028
5743,5.649197276513719
5744,3.8072875037745857
5745,9.200529189483365
5746,3.215463351944728
5747,7.21543432717887
5748,5.422349360662345
5749,0.6024247521377613
5750,0.3654198257933783
5751,9.99008052995607
5752,1.7995993680975297
5753,8.111684966092236
5754,1.7538086437594236
5755,3.3248940381378453
5756,0.5955338920118791
5757,2.3195308054867327
5758,1.6797477539001215
5759,7.148108017138584
5760,8.856914982270396
5761,1.0315288310958193
5762,8.886327209946467
5763,4.433313569205516
5764,2.614893666950869
5765,9.979300671189316
5766,0.1508088675719399
5767,7.35517062153184
5768,3.4615667840701336
5769,2.680838653031948
5770,8.976039102246386
5771,7.408109568865849
5772,0.9466105611547393
5773,0.8290609038997665
5774,1.5065153471055048
5775,1.4566826781752906
5776,4.338246963125894
5777,8.66422961499757
5778,2.099967818517443
5779,2.5002770598177095
5780,2.8107809905254655
5781,7.008586793145878
5782,8.493633983248875
5783,7.68632388359885
5784,1.281340654844696
5785,7.012640504933245
5786,1.5887386271167325
5787,6.974880821014632
5788,0.9958818251610579
5789,4.489155717207343
5790,2.2642820079527137
5791,1.1045007485212288
5792,6.687785051918241
5793,3.1856138035044412
5794,9.34585610996528
5795,6.784841515439465
5796,0.43322470339000274
5797,7.252714737266181
5798,6.704786832610914
5799,5.801821265091047
5800,0.4402313944785985
5801,2.8025778653825806
5802,6.3827657998339316
5803,2.5285909753453195
5804,9.049711634762977
5805,5.905170235809397
5806,7.052801461196023
5807,6.862797817923214
5808,1.4159550334087545
5809,4.579362874630172
5810,9.312817078937707
5811,5.689457606846945
5812,1.2933926641832383
5813,5.536569238034101
5814,4.366113081945101
5815,1.3897850732519412
5816,6.209100898969081
5817,3.2269039834646263
5818,6.423446313352855
5819,5.936942200460145
5820,8.36501508787969
5821,5.329419519759248
5822,5.029586532323824
5823,8.650272845360847
5824,0.4388618285324064
5825,7.675893095144977
5826,5.8510730890595655
5827,7.157597271179046
5828,8.488996094433167
5829,8.511846766178671
5830,8.088495749146684
5831,1.9813488165331006
5832,0.600864183951122
5833,6.350094102849285
5834,3.6889982669071375
5835,7.046832683554552
5836,2.603787122359268
5837,3.4757354244288
5838,0.0435265046038924
5839,8.397630476982803
5840,7.802102544597231
5841,0.9851036069208019
5842,1.4788681400569437
5843,3.7173419838368904
5844,5.929813329236186
5845,9.800050042658055
5846,3.1024933656960485
5847,5.846918281310317
5848,9.654260438588935
5849,7.610762174421416
5850,3.625996570710075
5851,1.4157553272146906
5852,5.133014129534161
5853,8.692429994027714
5854,3.7705370215939817
5855,1.4277550592084798
5856,2.6688848072637814
5857,9.880139637284167
5858,4.551585172554139
5859,2.5066476803022475
5860,4.827599541155001
5861,6.542019104402117
5862,1.1328891517387518
5863,7.991645240933044
5864,5.103049002560186
5865,4.494679263036715
5866,2.6121082537222398
5867,0.3158564538445463
5868,0.7692956160032949
5869,6.040627668746569
5870,3.628244991460404
5871,7.39805500771105
5872,1.3282149384512187
5873,0.11856905886749591
5874,0.42529424500564406
5875,6.631699977488241
5876,8.533568778774894
5877,1.1463583231940633
5878,4.3411279369457025
5879,1.232492924058728
5880,5.739200821291214
5881,5.781515447454664
5882,3.9202126532208172
5883,1.9382800112935494
5884,2.741752176453174
5885,2.482518757603586
5886,8.140187179746178
5887,5.495594598101644
5888,6.539922648118003
5889,0.6523029227197719
5890,1.9534128770665349
5891,6.330700702613555
5892,7.632240894326201
5893,5.816270864604234
5894,5.426253149845829
5895,4.222671687972314
5896,3.793196477663341
5897,3.273987362013482
5898,7.086716267651302
5899,6.556487793159019
5900,4.456086862683783
5901,3.913541175492629
5902,5.7999701892265785
5903,5.2169692438465045
5904,5.66079005363372
5905,7.610282739844622
5906,3.5540257733447103
5907,4.908942210635782
5908,5.864575709590096
5909,4.51107954530153
5910,2.404300701340828
5911,1.8785928063151192
5912,3.4440128131933703
5913,7.679111152063712
5914,7.536104221008247
5915,6.712472519179214
5916,9.022954299395256
5917,9.19433825940763
5918,4.188001190941039
5919,5.531585978383581
5920,0.07863098835853677
5921,5.592647403559643
5922,2.1098549193408833
5923,0.36675785128133853
5924,2.2931839986049516
5925,0.3438309396493433
5926,1.66175880971709
5927,1.044898028855874
5928,9.944415986042172
5929,7.635193729067565
5930,4.153711288844892
5931,4.8712881948309
5932,3.2693532421826577
5933,0.33016797310355894
5934,5.5056036048765815
5935,8.56235470333861
5936,2.670294134805867
5937,6.239301129367729
5938,7.206544901917028
5939,5.536829805767782
5940,4.584235835000659
5941,3.6976501281698173
5942,3.940556454454731
5943,4.686800064994215
5944,7.075588671361675
5945,6.857800330426525
5946,8.654068910108299
5947,1.834352853610658
5948,6.977104750308582
5949,4.566266377351368
5950,5.951970956109081
5951,4.683391526540538
5952,1.8352794479617163
5953,0.34625669286733496
5954,4.247360956539399
5955,3.5743070311121485
5956,0.3725097910774655
5957,2.527750806816924
5958,2.0574332332092227
5959,8.026673521366167
5960,4.406852845799316
5961,4.920669790306934
5962,6.964480239107091
5963,8.691604611695318
5964,8.80416527489079
5965,1.7427299369755944
5966,5.795818175617561
5967,0.03941353645850687
5968,3.751169354659336
5969,5.80138980336332
5970,3.859547703067332
5971,1.7148136345224252
5972,4.318067940105669
5973,4.810610592028102
5974,5.8154322050019385
5975,7.621328587786277
5976,8.772140189782098
5977,4.260596422282999
5978,6.7717516810154255
5979,6.7886175898390375
5980,4.989420242437279
5981,8.818155790441276
5982,7.507885298604825
5983,2.5650371098238622
5984,9.983550484732827
5985,0.713018750411486
5986,9.92409888835985
5987,4.041378396193588
5988,2.5577528456239285
5989,6.304037347617527
5990,7.798302860221814
5991,8.680611242131508
5992,2.1032681884590323
5993,4.3867459130374105
5994,7.132613602481914
5995,7.239495998620946
5996,0.4265999113120922
5997,6.675963015959558
5998,4.176535280182091
5999,3.1821303428144985
6000,3.611354375908644
6001,0.47491760879560085
6002,6.98321415647139
6003,8.72362466608671
6004,1.3259834720972519
6005,0.8501101233071529
6006,7.79205399257367
6007,3.4141409936775604
6008,4.23310142677746
6009,7.59971644661626
6010,2.115047534019819
6011,6.1368592791339385
6012,5.487176531790175
6013,4.925109796358914
6014,7.00677770761276
6015,4.121326884795
6016,7.555245669883774
6017,1.2722556187289358
6018,5.4050656673801125
6019,7.366163500603115
6020,8.086974402465088
6021,1.6532685638591815
6022,7.257442300210851
6023,8.057221791284194
6024,5.875829487213231
6025,0.8479616728578931
6026,5.365964370965338
6027,1.1656093418547397
6028,5.065646238662628
6029,4.226101032278646
6030,5.634718522208722
6031,8.34482784425844
6032,8.790306118209667
6033,0.8393631676976299
6034,5.388818039213942
6035,4.4517449251413765
6036,6.2727825488950035
6037,1.811817339861841
6038,2.825709632311033
6039,7.607021681997551
6040,3.8702873738379684
6041,4.476059439832404
6042,4.5519706329290575
6043,1.4991284329446442
6044,5.807738942833154
6045,5.285201379583251
6046,7.066493958449912
6047,2.0197322322659517
6048,4.765220808012916
6049,9.001808190276146
6050,2.6467621646049433
6051,7.79690026852472
6052,1.6956662443882176
6053,6.309245247619758
6054,6.81851173460322
6055,6.463174643012821
6056,2.930549775557052
6057,9.717479647471002
6058,2.508096004688629
6059,4.356807143011258
6060,7.20847091678108
6061,5.268993382995477
6062,8.187616383519535
6063,0.2760863668416891
6064,2.5453268698455767
6065,4.298747885061317
6066,9.84353819089576
6067,7.7026406718343265
6068,2.1036886787280205
6069,8.14959386565295
6070,0.992927196519745
6071,2.0199249216505457
6072,3.662749662873396
6073,7.4437918680064685
6074,8.592154489523898
6075,7.610723191701877
6076,9.372357528282272
6077,3.996957368042733
6078,5.8952299105872665
6079,3.5232974478716983
6080,4.875587788477144
6081,0.11212994419039113
6082,8.830212834195386
6083,2.8182806449546005
6084,4.078452732469081
6085,5.300109933643355
6086,1.682591704160744
6087,7.687938848391573
6088,6.529699459532722
6089,9.317498579239453
6090,3.9103445055752015
6091,9.176497185766479
6092,4.485534282157522
6093,4.916755558560727
6094,4.923188031369623
6095,8.390301185106377
6096,2.0133489579304498
6097,0.8097809792963584
6098,2.9476427154766127
6099,2.433041494614251
6100,8.037164892891514
6101,4.391101666733661
6102,1.664352241608188
6103,3.4744316774752857
6104,1.88696627865655
6105,6.008983816923199
6106,3.368262654485805
6107,0.3232520685356799
6108,0.3994928695563682
6109,8.836194862636246
6110,7.946268319126731
6111,0.875249062972443
6112,4.209015947686713
6113,2.3234729998418047
6114,1.5539579311368257
6115,4.770522701949944
6116,8.28434802048943
6117,8.44458412050636
6118,4.104236815675214
6119,3.6594699126777974
6120,5.6506665749326315
6121,7.149434674871053
6122,4.552947828622184
6123,4.742012652501631
6124,3.0664177163945405
6125,7.382730243557002
6126,2.459000127692904
6127,5.712534514535898
6128,6.262873454972272
6129,9.97923234188558
6130,0.030064794792177274
6131,2.5337422854734823
6132,2.515523227709245
6133,6.648271607883327
6134,4.878321897074434
6135,1.4483624415313334
6136,6.362242493219782
6137,6.669559899052916
6138,1.015037183823304
6139,6.788930712844067
6140,5.9738029685567735
6141,6.648506281633226
6142,5.8533394853349865
6143,2.3486133815857544
6144,7.633817942472062
6145,1.6572298754414783
6146,9.36235572243284
6147,4.432258964432463
6148,8.955781645186619
6149,6.1763172288961385
6150,2.98027158489984
6151,6.383721173089435
6152,1.7650126607269168
6153,8.812371663691902
6154,0.6926866698338874
6155,5.6283704291149785
6156,0.2310017604441139
6157,7.648944210090585
6158,0.040032316050993
6159,2.0341659622717967
6160,8.623323944511279
6161,3.74695425307062
6162,4.556157656680244
6163,7.178520699990095
6164,5.7947092380214595
6165,8.300844862858753
6166,3.626784534522912
6167,3.7777043802501376
6168,4.408668909565883
6169,1.590221289130045
6170,1.4026884538478201
6171,1.4057212016095944
6172,4.495107016789942
6173,9.15807511381416
6174,1.8462889125260162
6175,1.1122411056925585
6176,0.9421760759850617
6177,8.084763222242998
6178,4.779038926610703
6179,3.8941846313698236
6180,9.780394792983776
6181,6.807724799023243
6182,6.0203622804051
6183,3.8738560129711166
6184,3.349847527831298
6185,0.040002706533396326
6186,2.2514565632471752
6187,4.216130592946394
6188,4.03467383959573
6189,3.6905260299099885
6190,0.672117116086417
6191,9.176542801193856
6192,8.864289287668708
6193,6.363029697046903
6194,0.5080380213410984
6195,0.6099564782438582
6196,0.5082455018709497
6197,6.913506307038261
6198,5.536812391071612
6199,6.816198169422271
6200,5.314432865664158
6201,2.484754783589409
6202,2.1651998476635406
6203,2.445310920503773
6204,5.049199123720738
6205,2.2679217606048874
6206,2.7278117768620715
6207,6.566834464746835
6208,1.4034967142683674
6209,8.505420313150834
6210,5.66054467229458
6211,6.940189536853384
6212,0.7968253950179705
6213,1.8736766761377188
6214,6.627544477137595
6215,1.8264582966065135
6216,4.984404906489179
6217,9.540360854902175
6218,8.049745340774203
6219,5.520962425147438
6220,1.8183151369432948
6221,0.41818717061430255
6222,1.5217830774617291
6223,2.0475270028417714
6224,4.789716110013067
6225,3.6125568524510787
6226,9.020026065224172
6227,0.8303866708258723
6228,7.245838433695296
6229,7.105190578870937
6230,0.5287463569475614
6231,5.439763270202345
6232,0.4602766885222642
6233,3.7807108041627826
6234,9.599595264643568
6235,8.223855863866742
6236,2.7706791769410066
6237,7.527921974817141
6238,1.6968124197055812
6239,0.09832911986401682
6240,3.75789451222309
6241,8.578245350197616
6242,1.3823585463181975
6243,1.48067132548226
6244,5.301387702272033
6245,7.165662607330935
6246,2.35938279325137
6247,8.39462586424841
6248,5.473640714443901
6249,9.425206485640498
6250,5.750464471004513
6251,1.0735829913183248
6252,5.039080792000352
6253,1.3351447020373264
6254,9.957398412667533
6255,5.137613987992589
6256,4.546922596588997
6257,5.873720930578855
6258,3.3704162916581524
6259,9.547775159915293
6260,6.0560924497701984
6261,9.854871994988114
6262,3.8979749062258264
6263,9.524154163604397
6264,7.533148281014368
6265,2.6664737698749774
6266,2.290817914501445
6267,9.174772167686669
6268,9.238740142430936
6269,4.291486721009795
6270,9.129089311509484
6271,7.35444351945268
6272,5.854116116275769
6273,3.1349591579531233
6274,9.099769053544733
6275,9.638653842908601
6276,3.55388082358846
6277,8.902693142417158
6278,8.925673501402565
6279,1.260325563297271
6280,1.700601020491157
6281,9.015901773332832
6282,5.288801809516474
6283,6.921008807852118
6284,4.424989858347683
6285,6.325017455084994
6286,8.909892356677492
6287,1.951234000811266
6288,6.2345379288504645
6289,6.268123990076466
6290,5.542198773741883
6291,1.9489474193823175
6292,2.935241466201118
6293,3.7052398391150208
6294,8.413478262241126
6295,1.9691277169243282
6296,0.4905516570258439
6297,4.96320784459285
6298,1.7665840013263756
6299,6.007106024049213
6300,6.78414955051192
6301,2.011888358259907
6302,6.875719075754719
6303,1.3111246647050534
6304,8.171395112420642
6305,4.817057860482312
6306,0.14799975573899116
6307,7.040251317546053
6308,2.2444371322160785
6309,1.4395374409773276
6310,8.786368610293154
6311,2.3926918302067204
6312,0.7155250288672987
6313,9.439331129481733
6314,9.036980462238384
6315,2.0449775086800983
6316,3.3439975511698137
6317,5.481620529181546
6318,1.5987993679720158
6319,6.543167889394738
6320,0.12495658436509682
6321,4.978742089439035
6322,4.37433240043405
6323,2.7512845346347783
6324,2.452596412790161
6325,7.681571505048624
6326,4.795307661990896
6327,0.19356831711745626
6328,3.207908870635907
6329,3.4907170137435264
6330,1.4347593980266138
6331,8.331609217702304
6332,1.652850155645963
6333,9.838727379549114
6334,8.13773097092771
6335,7.324471746336925
6336,8.79249102037977
6337,8.558512555461032
6338,6.946935332895215
6339,8.028994151434633
6340,2.708660909410492
6341,4.815256794869925
6342,7.219357643087763
6343,9.233681802821769
6344,6.591217471696712
6345,6.92399484060087
6346,0.9112519920515771
6347,3.593480914075146
6348,1.3857939764261162
6349,8.55919115499252
6350,4.652891583665738
6351,7.045541145766986
6352,7.138300664038092
6353,6.040215046605647
6354,7.605799019111538
6355,7.226119143456863
6356,0.5226837231072123
6357,2.251505054011141
6358,2.1277164860592803
6359,4.673343080343441
6360,9.258643414697614
6361,5.5845551975721754
6362,3.0364831769723755
6363,8.680565711079172
6364,6.643441672408353
6365,8.71868986923381
6366,0.5633022609033811
6367,8.356273539476408
6368,5.617419811984922
6369,9.269339121102346
6370,8.72314379712566
6371,9.674162086397933
6372,5.504833684199736
6373,1.429354903995993
6374,8.418054519399867
6375,3.037529138135894
6376,2.6762116438398573
6377,3.0214676565304357
6378,8.249176528912216
6379,4.971593530312548
6380,9.748665557399466
6381,7.381501988850003
6382,2.43981925506315
6383,4.1910574559176546
6384,5.18799015475617
6385,6.946672564123539
6386,7.29335064820174
6387,0.48539197863757266
6388,5.928594466762622
6389,9.639445360152571
6390,0.10123849354789383
6391,5.456094516081578
6392,2.8611764805327455
6393,7.428517794087216
6394,3.1942989989097894
6395,8.381452327502295
6396,4.359613243889639
6397,4.16072033743262
6398,9.798740005102562
6399,2.5790723244480205
6400,9.57080292579156
6401,9.783853718101884
6402,5.684012485013734
6403,7.6336625169174415
6404,5.779045078326984
6405,1.4227411049175132
6406,0.9375705850401406
6407,2.7642675884061396
6408,5.201997132776828
6409,2.547951290638857
6410,1.5269171242434465
6411,4.6410700703635746
6412,1.8985225785842508
6413,0.05042828748775263
6414,2.595567280278263
6415,5.740210499756713
6416,4.364190036151248
6417,0.5218971822910989
6418,9.06733042905581
6419,6.6872042542850085
6420,7.582401232302408
6421,1.0047001625739604
6422,5.331950819898557
6423,9.631984403837796
6424,4.383334682535256
6425,7.670750696340722
6426,9.551414642974885
6427,5.827517008071865
6428,2.7214100903899006
6429,4.569909092250645
6430,5.2038177073780005
6431,3.314348779965327
6432,3.18059752343562
6433,3.0994735431935574
6434,8.701083219807227
6435,2.4467849266698383
6436,3.738730494190375
6437,8.591164508236687
6438,1.120200235973412
6439,7.9814257176421
6440,3.612860251438944
6441,0.265471660017933
6442,3.372492612004121
6443,1.1214390443782307
6444,6.832134069438497
6445,9.963517944723993
6446,1.0055950455823492
6447,0.1752251766004842
6448,7.84574855705468
6449,7.404126970817471
6450,3.6827699340141127
6451,0.10814156734390235
6452,2.4100616659882323
6453,5.197309248604847
6454,9.433106705458368
6455,0.3610017947303179
6456,5.799244203312163
6457,4.123416622640005
6458,6.698812985198753
6459,7.532436169352673
6460,2.78547518221922
6461,4.042604997278643
6462,5.6232688745210115
6463,9.373422825271314
6464,5.769729700177955
6465,7.813780296938841
6466,9.316086617124988
6467,8.014292750747202
6468,8.442387619387548
6469,8.071121632786927
6470,5.807734709197123
6471,0.5114773600059375
6472,1.3179698260462702
6473,8.26645679891769
6474,4.021139078388689
6475,7.0897673209123235
6476,5.2749152919155415
6477,5.021300264201994
6478,2.5577103042642
6479,1.1119100303478113
6480,8.250104179306227
6481,6.934604369823801
6482,6.934125976856373
6483,7.965066231252592
6484,8.34185558769979
6485,1.1556194888543991
6486,0.9667416063204204
6487,4.937526345575401
6488,1.9445542190553178
6489,3.29234790160154
6490,4.255013500646396
6491,0.47392971827876273
6492,5.365525530572805
6493,8.227185462902762
6494,5.023595775598965
6495,8.05064839314196
6496,1.3541327437529638
6497,0.4524339392356158
6498,0.22480459614227732
6499,5.2925791969965
6500,9.866336112520633
6501,4.20137002574929
6502,3.6183555104249376
6503,0.1585381520802187
6504,0.8609264017291074
6505,8.486051487911055
6506,6.847113258708348
6507,8.362226216326016
6508,8.330011416475454
6509,0.36024702784496765
6510,0.22530909536312538
6511,3.861773934416617
6512,7.056704779999596
6513,4.765319843018597
6514,6.987583063907877
6515,0.4533688781437917
6516,9.647243179801894
6517,8.968102352750337
6518,3.3086332763068436
6519,7.018136122944309
6520,4.610010682236848
6521,6.482345196619993
6522,7.601951571646586
6523,9.400834946193457
6524,1.6448593627537045
6525,9.241620496730985
6526,1.8280608576945467
6527,7.6251593737874535
6528,1.3349465566179919
6529,7.587972706702101
6530,7.5445085799825105
6531,0.9545429350434242
6532,6.607062015547771
6533,4.249474576381795
6534,4.523653551932832
6535,3.229610566846052
6536,0.6572897984031134
6537,1.8594878197915843
6538,9.305172505192994
6539,0.5021885860429354
6540,2.1724554177119124
6541,9.06616941274429
6542,3.073290214011466
6543,6.667292366220911
6544,4.290672792602987
6545,4.235938162108576
6546,2.717258557817719
6547,6.155012396140157
6548,5.924771979360004
6549,2.5273396400210624
6550,2.9719465271583045
6551,3.3119164391083
6552,5.303906102132652
6553,6.5006444226438855
6554,5.869786602417479
6555,5.440620126124833
6556,3.5136278998826054
6557,8.841796707930353
6558,2.8038238833239495
6559,8.917265467090829
6560,5.964456628390589
6561,6.210412824064221
6562,8.372640906951318
6563,8.035762827921193
6564,4.794131808281391
6565,9.731071651345147
6566,0.5545645569881008
6567,7.90897074967451
6568,0.045182249941193575
6569,5.457131224881434
6570,1.1991621311930567
6571,5.702735082768991
6572,0.9731273220325376
6573,9.210468009727022
6574,4.65155600467777
6575,0.3078952028552484
6576,0.09780441830271269
6577,4.359027859357
6578,2.0700051796667687
6579,7.597094627711233
6580,8.407717220060052
6581,7.307800874462808
6582,4.696250409635308
6583,7.6670305953696865
6584,9.304551114290053
6585,5.758519181200523
6586,9.926271700789078
6587,9.459387609819718
6588,8.521641464581277
6589,5.094962904183614
6590,1.7263122753025462
6591,8.557018986852901
6592,6.338677044120099
6593,3.9764407568409874
6594,8.042136201912363
6595,6.697685628991094
6596,3.705605710924692
6597,8.00483632988586
6598,6.8436909424984655
6599,6.96460519365509
6600,9.978447835433588
6601,6.109474858903718
6602,1.250022355603022
6603,1.0666638390242345
6604,0.3765281710762647
6605,8.539337012983431
6606,4.825977390781791
6607,5.382961434786385
6608,2.692586757872182
6609,2.39298479672875
6610,5.754366876169064
6611,0.562245749886624
6612,4.522214705282114
6613,2.7889467903528953
6614,5.878751597192176
6615,4.952493176214658
6616,1.7250169101437485
6617,9.763925295031944
6618,8.370128348973907
6619,7.875331402491793
6620,6.294094685278764
6621,2.064922441513095
6622,8.983864487684208
6623,5.331282607477849
6624,8.571134010214767
6625,3.431426890916214
6626,6.073803144624371
6627,7.597049929056512
6628,4.099283108560179
6629,7.419962385458833
6630,9.236221903378553
6631,9.541184967424655
6632,4.731284936295505
6633,8.591501270435433
6634,9.653431967901584
6635,8.947131944419574
6636,2.0517103249733415
6637,4.885587205350104
6638,4.030916585021931
6639,3.933665174970531
6640,4.021460467322239
6641,5.2727173567032635
6642,3.0119864314654707
6643,0.7472709850666803
6644,3.30485342519218
6645,4.00727679105204
6646,9.473379951240737
6647,9.733882516685782
6648,7.201966250652859
6649,7.696286247516218
6650,4.0633007410367075
6651,8.93392833260494
6652,6.044047502446599
6653,3.3365229393074203
6654,7.9827918596926555
6655,9.74624221039749
6656,9.708824554524247
6657,8.65389401505043
6658,0.4148666886014385
6659,9.061646520900698
6660,2.9414389208943756
6661,3.419868278207747
6662,5.1164732695944535
6663,7.300696841080068
6664,3.6845331721176233
6665,2.555539532756428
6666,9.8202350831798
6667,8.480821863739118
6668,2.43912705561679
6669,8.554021534962278
6670,4.956067147732508
6671,9.489220246770309
6672,9.20461919415538
6673,4.250976823189524
6674,5.376978346938951
6675,0.43654946992124244
6676,8.12003854411605
6677,5.928783742134977
6678,9.521078372898781
6679,5.055138549896379
6680,1.0814258252257591
6681,5.799312401717702
6682,3.517073938380447
6683,3.8148206310477484
6684,9.746464661515095
6685,6.257069129743399
6686,3.9820292309779006
6687,1.914890567973454
6688,9.993206693827343
6689,1.4292064772511948
6690,7.710945760848828
6691,5.0950845716325635
6692,8.20264871647403
6693,4.575927928489241
6694,8.21794026024765
6695,8.638165247920803
6696,8.662925013904147
6697,5.561092075185849
6698,0.7375693837524422
6699,2.7460236112566303
6700,6.063964075597852
6701,0.04174012168407515
6702,3.251536328798829
6703,0.5681815396435008
6704,4.595992200320346
6705,8.272381225662004
6706,2.543968982714233
6707,6.905826618689803
6708,7.682095433890622
6709,7.912051794687579
6710,7.867457449840327
6711,2.795723276585952
6712,7.771265993618064
6713,8.240986435455804
6714,8.400061627991054
6715,3.4641445209386412
6716,1.851030973981057
6717,0.7636019716224673
6718,0.8148670689021209
6719,6.167482261471219
6720,6.85547093610936
6721,3.6534459335510605
6722,0.39784270433934066
6723,9.24283731445152
6724,4.204128208203062
6725,7.175657177140571
6726,3.5745014910916684
6727,5.267538937180957
6728,1.856784759724196
6729,7.213691352600606
6730,1.3498946509960108
6731,9.695551383964037
6732,4.253903891327892
6733,0.6385695941585634
6734,3.8715894866617493
6735,1.6043006585990671
6736,9.219258291150393
6737,5.16447966294582
6738,5.275713889364285
6739,0.42940242950377683
6740,0.17763130498252622
6741,3.42725201258785
6742,5.613467996026439
6743,1.7924169203103169
6744,7.135193237297035
6745,4.965663023219483
6746,3.284260276599312
6747,8.897439597927924
6748,2.7504025200558124
6749,2.869583092578706
6750,7.357394111717051
6751,5.925481470223428
6752,6.607860131298664
6753,5.518777685135987
6754,8.23554563506213
6755,4.104921356894523
6756,0.5537700030131343
6757,9.743162418872743
6758,8.752325502410681
6759,6.413255171323531
6760,1.1812072043986066
6761,6.785548774920533
6762,7.359101167003564
6763,2.6636838208731572
6764,6.636391302046356
6765,2.4593868481348755
6766,9.204443234692405
6767,4.846044334805994
6768,8.25064557284566
6769,4.000529451442341
6770,5.651285759146757
6771,1.1154499946378171
6772,1.154813595629165
6773,2.479927197861725
6774,4.023371818843304
6775,5.681271320690936
6776,3.525054773884219
6777,5.192175681241783
6778,4.979651635801999
6779,4.266391591566818
6780,5.33689478376881
6781,7.199770893906646
6782,4.306310052961421
6783,3.7808290273058045
6784,5.602537257823687
6785,7.50400946445788
6786,6.114224351562511
6787,4.203577685328282
6788,6.161163339387066
6789,7.370413558194011
6790,3.0276318826877446
6791,5.953562861275526
6792,0.3072443546662418
6793,1.6917840190766487
6794,2.8328296795948607
6795,5.514866732800309
6796,4.6620784432426365
6797,0.9828391798443448
6798,0.03178006625686125
6799,8.667334903806864
6800,3.4815766085521007
6801,2.178284951621492
6802,2.014226123337891
6803,4.175688425384244
6804,4.727225891932428
6805,2.311994280049615
6806,6.313775550318896
6807,2.7376245669283583
6808,3.1597523041280153
6809,9.47058282939674
6810,8.178028482306866
6811,9.047490702499006
6812,5.241016917688058
6813,0.14401150124903395
6814,8.876885427403721
6815,8.194765465636031
6816,4.337098044542107
6817,1.2613472554427385
6818,7.747857216517918
6819,6.4420417104944185
6820,8.516984050437067
6821,3.154070805709214
6822,9.167037125385486
6823,3.583280028710835
6824,3.956114696818683
6825,1.8414347875894121
6826,8.143857242966261
6827,0.359990131773672
6828,5.694695562413945
6829,6.5584420928070175
6830,8.007292204163729
6831,1.570305850166298
6832,0.6653310273682578
6833,0.3131683494323534
6834,6.7806357909692085
6835,8.215110535500642
6836,5.899544666459054
6837,1.231864139038884
6838,7.580359792915155
6839,4.19074563328257
6840,1.6228287216899395
6841,7.81293553247886
6842,6.477743276668666
6843,2.170018785680395
6844,8.040905779593617
6845,1.518174933205293
6846,0.9058076694891948
6847,7.902499388099223
6848,6.931686826242654
6849,0.0745601121366346
6850,1.594680075250029
6851,5.274887674724571
6852,4.929709397689504
6853,2.1148235710787757
6854,2.51292472614677
6855,0.0010103838183828096
6856,6.00325180096765
6857,1.0951804759268446
6858,0.1621263893635705
6859,0.07860183029518297
6860,7.21647914376058
6861,6.563710049435018
6862,4.207306708563393
6863,8.015111995719629
6864,4.119438948691516
6865,0.2690657216604808
6866,2.1000407099549054
6867,8.731224225447566
6868,7.6965552031849125
6869,4.431651343573472
6870,5.724814653704579
6871,5.73503008841281
6872,0.03487957189545421
6873,6.161991130021521
6874,0.27786199072448836
6875,9.149947740438884
6876,4.302653250809087
6877,9.754587980186043
6878,6.916778442802479
6879,3.177686016909619
6880,7.785083940682359
6881,6.731924266566135
6882,3.104991642101227
6883,3.4590108678504414
6884,4.644115511320585
6885,5.036625766959107
6886,1.1207752906351565
6887,7.610156683610834
6888,9.27986999489049
6889,6.5400383549131575
6890,0.9135178465144822
6891,8.615471073820125
6892,6.356412494093886
6893,6.786867751136971
6894,0.15018984286970904
6895,3.3303786462994056
6896,3.10494020053019
6897,0.6093705005094485
6898,5.755338126999571
6899,3.0389693913741898
6900,3.8864160246455204
6901,3.7767766606806754
6902,6.658398405270044
6903,2.8474232708107916
6904,0.6826009044427228
6905,1.5374923299998355
6906,8.969183403696476
6907,7.099722095353139
6908,5.802062644847023
6909,5.502310694726519
6910,8.391192412191856
6911,6.723862655557049
6912,5.261725565791842
6913,7.607048877496919
6914,1.1875235821157093
6915,3.749849305664996
6916,7.979377170812054
6917,1.8102182042518467
6918,8.560149190384411
6919,0.863061259277329
6920,3.396755708029724
6921,4.175552764261922
6922,7.432911536060534
6923,9.01439367923043
6924,5.333212452526226
6925,5.691211359858595
6926,7.12177340194877
6927,8.00729023967537
6928,3.4708421949798316
6929,7.834180803204868
6930,4.759070675519386
6931,0.11578782274244137
6932,6.413760065074092
6933,3.6779736445889446
6934,5.062053057469617
6935,7.712005804757068
6936,1.6634587418704139
6937,9.890870465521093
6938,7.15943872106656
6939,5.105334039388316
6940,3.5210605222045768
6941,7.897352892978182
6942,9.8821950632845
6943,3.1074938923780406
6944,0.05827939048102748
6945,7.520946935495548
6946,5.98152470348051
6947,5.143518878432905
6948,2.7957921526891583
6949,3.7282044153131535
6950,9.571755595521616
6951,3.0540430211998517
6952,4.204707524102237
6953,9.625479199435961
6954,3.6482591470186385
6955,7.265007377001371
6956,4.955756584340785
6957,0.8603130922180457
6958,8.74064466882753
6959,0.9132286946965451
6960,2.377999526420588
6961,9.939799745914843
6962,4.744159332215921
6963,1.9237451297471675
6964,9.793624873729158
6965,2.38314724964893
6966,6.734492167039741
6967,7.300183508368025
6968,1.8641701249614917
6969,1.1110580880056087
6970,2.694284027707059
6971,6.631055481795428
6972,3.1246570987635804
6973,9.809281719585938
6974,6.618411265625235
6975,7.674296526656754
6976,7.60358868807247
6977,4.856041027147555
6978,1.5103338069463457
6979,2.926974403998137
6980,6.286244012371852
6981,3.1091340279674293
6982,5.654137207149304
6983,1.1849916250405534
6984,1.2773183417692313
6985,5.427677775502481
6986,7.929046315441259
6987,7.605334418994818
6988,0.8565992156152891
6989,1.4545841372380641
6990,5.188085146169724
6991,0.94810280860536
6992,1.5822817774054554
6993,3.168140666760878
6994,9.580269407849777
6995,0.9684480468215173
6996,3.0736704295475867
6997,3.8156974317727768
6998,7.166967589699855
6999,7.57842889306289
7000,1.6884172874330572
7001,5.375978493734466
7002,5.384047883896913
7003,4.446740287337851
7004,3.3533176777247364
7005,9.843857976831798
7006,8.962851470025054
7007,2.1310254012138987
7008,6.986321211665888
7009,4.288275637099287
7010,5.910369511789617
7011,7.8817652674912715
7012,5.030651040278647
7013,7.213433651759872
7014,0.38476600054289545
7015,1.9348495097726248
7016,8.022235767250365
7017,4.957804027452268
7018,2.9645243334208518
7019,8.513600779653988
7020,2.7930282675295803
7021,6.489388161346776
7022,2.5387352339511695
7023,2.1297014570304773
7024,2.0222749825922093
7025,4.123402333533496
7026,8.881391915293516
7027,8.241819577229169
7028,0.9171389550161757
7029,5.436983136801018
7030,6.287585954616462
7031,8.300372097654865
7032,9.807097408353803
7033,1.0894257405788876
7034,3.2778536817897654
7035,2.925390597409568
7036,4.220521714660538
7037,0.8927887197372819
7038,9.820400595146358
7039,9.347464416342797
7040,3.814630166510856
7041,9.399929362145507
7042,4.943476871145302
7043,6.821657059319319
7044,2.2948932090738627
7045,9.826012704986399
7046,0.5335496634957071
7047,2.274039131645421
7048,1.4193495108546683
7049,4.984609084742548
7050,5.03457875873266
7051,5.399343359663124
7052,9.260480416954518
7053,1.4941146121373983
7054,0.6266493800182171
7055,2.3716704970043523
7056,8.30608832209622
7057,4.924756925178678
7058,5.352554820415751
7059,6.471849704645093
7060,8.132489841803109
7061,7.968043899079637
7062,8.745044702113953
7063,7.3912953006828
7064,7.0054237149672325
7065,8.370489176118195
7066,8.618486257747515
7067,0.5688485791090625
7068,4.231494216262881
7069,7.194612698794046
7070,6.490870129505901
7071,7.148670327672275
7072,6.251297166083121
7073,7.753668110236197
7074,2.3152943537936976
7075,2.4292479787457113
7076,4.4599142419850955
7077,4.889222641288649
7078,7.498278900021173
7079,1.3006509480631645
7080,0.5142837623726593
7081,2.421331403527356
7082,6.638304381589498
7083,4.341124567073033
7084,4.8377221584922605
7085,5.526557761524092
7086,8.22735631638565
7087,0.7572477056434535
7088,6.5180021561672055
7089,3.191980289880789
7090,4.167092607838737
7091,6.02425977854586
7092,5.000016468490656
7093,1.3885005638308623
7094,2.7526222186301985
7095,6.2422453683332595
7096,3.129055685895732
7097,8.962481878304047
7098,7.367870342400231
7099,0.08533158729325474
7100,5.065161322783619
7101,5.052307943578671
7102,5.960666089313027
7103,0.9590813030807643
7104,0.544240027081776
7105,6.276286967900523
7106,6.04175738257863
7107,3.8351662869524503
7108,9.541911351177147
7109,3.9417187344254003
7110,3.0497384133765704
7111,0.013549200823541607
7112,7.112455016204141
7113,3.949887241656219
7114,3.945294711360132
7115,0.4190885974501657
7116,8.19064172083486
7117,7.516901226485778
7118,2.001583708421478
7119,5.698723483527816
7120,9.57732720558224
7121,3.3816983485408003
7122,8.65510502522969
7123,0.26295490581084713
7124,0.0821733190453211
7125,0.6478663583696509
7126,2.6641536010933575
7127,1.750455119067098
7128,5.8615239581607534
7129,4.636959954011256
7130,1.6967593133648184
7131,6.104160462975681
7132,1.6088343504579983
7133,1.2315586718464133
7134,5.872278641198391
7135,2.81424406712125
7136,9.245289603427931
7137,0.6100604384917951
7138,3.8522265693051496
7139,9.745162264948723
7140,9.6589799597438
7141,1.6419740817935002
7142,2.7419031342943443
7143,4.625407144464541
7144,1.8556987414004134
7145,8.081782026195118
7146,7.35241567251225
7147,3.8928409519510545
7148,1.3867587843632778
7149,3.705249431167693
7150,4.576801357646744
7151,6.884973472660119
7152,6.72402789612897
7153,9.003589524173584
7154,6.48928019177567
7155,8.915735045231695
7156,3.355739524531871
7157,6.268260999061041
7158,6.942224597154992
7159,8.673104668154618
7160,0.8989204317165422
7161,5.875957318279344
7162,1.0376059879349475
7163,1.1593884530750964
7164,5.160946253658905
7165,4.759547045195185
7166,0.035068282895569514
7167,4.575315388564104
7168,3.0120168827426177
7169,8.365074066953467
7170,7.311699973217002
7171,4.9860076532827335
7172,3.602888387283436
7173,3.5164415515747347
7174,3.0118270374023446
7175,7.035910676720881
7176,2.045070499146812
7177,5.235745380671043
7178,5.160552448819116
7179,5.14591067608949
7180,0.33375040539675993
7181,5.6620054945105895
7182,5.644475965193122
7183,8.596242577667777
7184,5.074805290113079
7185,4.2601718466291985
7186,8.316624186602628
7187,3.0450824536148637
7188,5.145764375174073
7189,6.579613580324049
7190,3.3290430038648022
7191,4.218486862283086
7192,0.9487950418593794
7193,4.347936202368453
7194,8.625177970706691
7195,7.34732081333434
7196,6.597470271922859
7197,2.273866921732839
7198,8.84605130007029
7199,2.9438779848624206
7200,4.922472069508967
7201,8.557401596339796
7202,6.941690147756469
7203,5.81643517470522
7204,5.3670315522609
7205,5.892468825244604
7206,8.929615033871437
7207,2.270767171953737
7208,0.5738622396964821
7209,3.8249465487934096
7210,7.378697033468428
7211,0.14904761490681984
7212,7.5361754994875865
7213,0.5179273612351887
7214,2.699274818145132
7215,7.146331882681246
7216,7.195760152933627
7217,0.7210090877925801
7218,7.735734050496448
7219,7.910206382688823
7220,1.3413176531426474
7221,0.4448454326110929
7222,8.661062927327944
7223,2.4111445865400762
7224,5.970906372914579
7225,7.744506254826181
7226,2.159124205166422
7227,7.585165566542575
7228,5.014428243931278
7229,9.25515443834856
7230,4.675451100180908
7231,8.672250597248524
7232,2.500112569325653
7233,5.518540287731046
7234,7.8254991478164495
7235,2.4305353009564588
7236,7.388709881358332
7237,0.23455388692125045
7238,1.9352217790552195
7239,5.218131870063561
7240,0.9039167464722975
7241,4.043391884804583
7242,5.09981415638788
7243,9.902648675276266
7244,8.539462134473476
7245,3.066008623861154
7246,8.205258214545475
7247,4.251754449187208
7248,0.1914789609553358
7249,3.0388275013964483
7250,9.468082905792391
7251,0.8095482146317612
7252,7.745939248533933
7253,4.813669840386552
7254,2.144149442999307
7255,9.105266896820769
7256,4.805670039055397
7257,5.216581115451677
7258,1.0243994024025649
7259,6.309821737994703
7260,3.451648649844703
7261,4.666594227756161
7262,6.82488751215737
7263,1.5390508376147471
7264,5.761117736595034
7265,1.579251741516392
7266,9.563535808149773
7267,2.671797423773743
7268,0.6435090371074836
7269,3.31294505823863
7270,1.9827149386287346
7271,1.9028288791954762
7272,9.011542367426328
7273,9.700709269031174
7274,3.4078819491935572
7275,5.352502938862842
7276,4.993622196725633
7277,5.501338189665126
7278,2.4713050753536336
7279,3.5467418198891645
7280,1.3603758865226134
7281,9.19216652286022
7282,0.9836885589337041
7283,2.50575229800426
7284,5.807771638976764
7285,9.87832520584387
7286,0.1312874585554491
7287,8.391606133068438
7288,6.29454280218561
7289,3.6688717897155545
7290,7.348081289191104
7291,3.199929157206536
7292,9.172513779590366
7293,5.6982948200036425
7294,7.092716945872014
7295,5.818272376575075
7296,8.14527025247899
7297,8.210437896931404
7298,7.027199623123316
7299,5.801127820499489
7300,0.037407221251389844
7301,0.6659808669922707
7302,2.6435204954415026
7303,0.9457321821538855
7304,5.233643966507506
7305,7.16052305887179
7306,8.07165807929345
7307,8.498704740418122
7308,9.161421359496112
7309,7.949471251962356
7310,3.007427166840655
7311,7.087446702811331
7312,2.916750503654235
7313,6.317990133103367
7314,1.4843965467751585
7315,8.285532175724368
7316,0.975313198539236
7317,7.586569515343439
7318,2.600044455637968
7319,1.0920951361574138
7320,2.0182707585080237
7321,3.4638835299887836
7322,0.6535453010533987
7323,6.851391603511196
7324,5.911442499680501
7325,0.4279206422201487
7326,5.235121626650851
7327,7.969749861669067
7328,4.858721817097513
7329,5.68375015145849
7330,0.31665385897760023
7331,6.589054147068241
7332,4.299336772654336
7333,5.695841469917649
